pl_name,hostname,discoverymethod,disc_year,pl_orbper,pl_orbsmax,pl_rade,pl_bmasse,pl_dens,pl_eqt,pl_insol,pl_orbeccen,st_spectype,st_teff,st_rad,st_mass,st_age,sy_dist,sy_pnum
"CWISEP J193518.59-154620.3 b","CWISEP J193518.59-154620.3","Imaging",2025,,2.4800000000,,4926.34030850,,390.00,,,"Y",,,0.024000,5.5000,14.43000000,1
"CoRoT-4 b","CoRoT-4","Transit",2008,9.20205000000,0.0900000000,13.34000000,228.83000000,0.525000,1074.00,,0.000000,,6190.00,1.170000,1.160000,1.0000,726.41200000,1
"EPIC 205950854 c","K2-168","Transit",2019,8.05072200000,,1.31000000,,,960.60,,,,5502.70,0.830000,0.877000,,243.93500000,2
"EPIC 229004835 b","EPIC 229004835","Transit",2023,16.14113200000,0.1237000000,2.33200000,10.40000000,4.490000,804.00,69.7000,0.230000,,5868.00,0.999000,0.970000,4.9000,121.97100000,1
"GQ Lup b","GQ Lup","Imaging",2004,,100.0000000000,33.60000000,6356.00000000,,2650.00,,,"K7e V",,,0.700000,0.0010,151.16900000,1
"HAT-P-44 b","HAT-P-44","Transit",2014,4.30121900000,0.0507000000,13.92200000,111.87100000,0.230000,1108.00,,0.044000,,5295.00,0.949000,0.942000,7.5000,347.85000000,2
"HATS-13 b","HATS-13","Transit",2015,3.04404990000,0.0405700000,13.58530800,172.58169000,0.377000,1244.00,,0.181000,,5523.00,0.887000,0.962000,2.5000,421.85500000,1
"HATS-26 b","HATS-26","Transit",2016,3.30238810000,0.0473500000,19.61575000,206.58950000,0.153000,1918.00,,0.245000,"F",6071.00,2.040000,1.299000,4.0400,861.84300000,1
"HATS-52 b","HATS-52","Transit",2017,1.36665436000,0.0249800000,15.49083800,711.93920000,1.060000,1834.00,,0.246000,,6010.00,1.046000,1.111000,1.2000,555.13400000,1
"HATS-53 b","HATS-53","Transit",2017,3.85377680000,0.0475300000,15.02006000,189.10885000,0.303000,1312.00,,0.330000,,5644.00,1.101000,0.964000,9.0000,585.77000000,1
"HATS-7 b","HATS-7","Transit",2015,3.18531500000,0.0401200000,6.31066700,38.13960000,0.830000,1084.00,,0.170000,"K2",4985.00,0.815000,0.849000,7.8000,240.70700000,1
"HD 101581 b","HIP 56998","Transit",2025,4.46569000000,0.0460000000,0.95600000,,,834.00,80.0000,,,4675.00,0.630000,0.653000,6.8800,12.77810000,2
"HD 136352 c","HD 136352","Radial Velocity",2019,27.59221000000,0.1721000000,2.91600000,11.24000000,2.497668,677.00,35.1000,0.000000,,5664.00,1.058000,0.870000,12.3000,14.68200000,3
"HD 5278 b","HD 5278","Transit",2021,14.33915600000,0.1202000000,2.45000000,7.80000000,2.900000,943.00,132.0000,0.080000,"F V",6203.00,1.194000,1.126000,3.0000,57.58460000,2
"HD 63433 c","HD 63433","Transit",2020,20.54382810000,,2.69200000,15.53900000,4.630000,678.92,,,"G5 V",5553.00,0.934000,0.956000,0.4140,22.40350000,3
"HD 97658 b","HD 97658","Radial Velocity",2010,9.48971160000,,2.12000000,8.30000000,4.800000,751.00,,0.050000,"K1 V",5212.00,0.728000,0.850000,3.9000,21.56180000,1
"HIP 29442 d","TOI-469","Radial Velocity",2023,6.42957500000,0.0673000000,1.53800000,5.14000000,,920.00,203.0000,,,5289.00,0.980000,0.901000,11.2000,68.19200000,3
"HIP 94235 b","HIP 94235","Transit",2022,7.71305700000,0.0787000000,3.00000000,379.00000000,,1060.00,,0.320000,"G V",5991.00,1.080000,1.094000,0.1180,58.51460000,1
"K2-105 b","K2-105","Transit",2017,8.26726000000,,3.40000000,15.40000000,2.240000,805.00,100.0000,,,5373.00,0.905000,0.940000,,197.98900000,1
"K2-11 b","K2-11","Transit",2015,39.93767000000,0.2257000000,7.55000000,,,734.00,,,,5433.00,5.150000,1.350000,,329.30900000,1
"K2-136 b","K2-136","Transit",2017,7.97525000000,0.0707000000,1.01400000,4.30000000,24.000000,610.00,33.5000,0.140000,,4500.00,0.677000,0.742000,0.6500,59.24740000,3
"K2-136 c","K2-136","Transit",2017,17.30723000000,0.1185000000,3.00000000,18.10000000,3.690000,470.00,11.9100,0.047000,,4500.00,0.677000,0.742000,0.6500,59.24740000,3
"K2-147 b","K2-147","Transit",2018,0.96193900000,0.0157500000,1.47286006,,,1077.00,,0.380000,,3690.00,0.578000,0.563000,,90.54940000,1
"K2-16 c","K2-16","Transit",2015,19.07863000000,0.1229000000,2.54000000,,,485.00,13.1000,,"K3 V",4742.00,0.660000,0.680000,,334.96700000,3
"K2-162 b","K2-162","Transit",2018,9.45889000000,0.0795000000,1.44000000,,,631.00,,,,4842.00,0.690000,0.750000,,124.43300000,1
"K2-216 b","K2-216","Transit",2018,2.17480000000,0.0280000000,1.75000000,8.00000000,8.200000,1103.00,248.0000,0.000000,"K5 V",4503.00,0.720000,0.700000,,115.46100000,1
"K2-237 b","K2-237","Transit",2018,2.18053332000,0.0355200000,16.06246934,434.15360396,0.577000,1759.00,,0.030000,,6180.00,1.236000,1.256000,1.0900,314.99500000,1
"K2-254 c","K2-254","Transit",2018,12.11839000000,0.0923000000,2.19000000,,,551.00,,,,4629.00,0.670000,0.710000,,227.77500000,2
"K2-273 b","K2-273","Transit",2018,11.71956630000,0.0729000000,3.05000000,,,849.00,,,,5161.00,0.850000,0.890000,,308.10500000,1
"K2-275 c","K2-275","Transit",2018,8.43883850000,0.0881000000,2.21000000,,,653.00,,,,4841.00,0.690000,0.770000,,123.43800000,2
"K2-320 b","K2-320","Transit",2020,1.99500000000,0.0142000000,2.62000000,,,698.00,,,,3157.00,0.300000,0.117000,,108.74000000,1
"K2-333 b","K2-333","Transit",2021,14.75928700000,,6.18000000,,,826.00,,,,5880.00,1.220000,1.060000,,343.99000000,1
"K2-342 b","K2-342","Transit",2021,11.56105200000,,2.03000000,,,861.00,,,,5920.00,1.090000,1.010000,,208.35700000,1
"K2-350 b","K2-350","Transit",2021,4.16387300000,,1.54000000,,,1158.00,,,,5789.00,1.040000,0.980000,,489.36800000,2
"K2-415 b","K2-415","Transit",2023,4.01796940000,0.0270000000,1.01500000,7.50000000,,412.40,4.8200,,"M5 V",3173.00,0.196500,0.163500,,21.81820000,1
"K2-73 c","K2-73","Radial Velocity",2025,1000.00000000000,,,1142.00000000,,186.10,0.2850,,,5867.00,1.058000,1.020000,,269.18300000,2
"K2-99 c","K2-99","Radial Velocity",2022,522.20000000000,1.4300000000,,2669.75861880,,390.00,,0.210000,,6069.00,2.550000,1.440000,3.7000,519.22900000,2
"KOI-3503 c","KOI-3503","Transit",2021,31.82800000000,,1.21000000,10.36000000,10.000000,686.00,,,,6001.00,1.255000,0.858000,,887.06400000,2
"KOI-984 c","KOI-984","Transit Timing Variations",2022,21.51200000000,0.1467000000,,209.80000000,,597.00,,0.380000,,5295.00,0.818000,0.928000,,252.66700000,2
"Kepler-109 c","Kepler-109","Transit",2014,21.22265000000,0.1546000000,2.65000000,8.20000000,2.400000,859.00,91.0000,0.098000,,5950.00,1.387000,1.094000,6.2000,474.86100000,2
"Kepler-111 c","Kepler-111","Transit",2014,224.77833000000,0.7510000000,7.08407580,222.47988490,3.420000,352.20,2.4800,0.176000,,5914.00,1.145000,1.118000,3.4000,657.22300000,2
"Kepler-1921 c","Kepler-1921","Transit",2023,3.15722086000,0.0454000000,1.41000000,,,1791.00,2436.4700,0.000000,,6120.00,2.000000,1.251000,,928.98900000,2
"Kepler-1976 b","Kepler-1976","Transit Timing Variations",2023,4.95931924400,0.0565000000,12.21000000,,,1103.00,349.4000,0.000000,,5712.00,1.082000,0.976000,,1314.51000000,1
"Kepler-1987 d","Kepler-1987","Transit",2023,5.64491415400,0.0571000000,2.66000000,,,744.00,72.3800,0.000000,,4769.00,0.714000,0.799000,,595.68300000,4
"Kepler-1998 b","Kepler-1998","Transit",2023,3.03267135000,0.0405000000,0.60000000,,,1187.00,468.3100,0.000000,,5640.00,0.921000,0.962000,,340.96500000,1
"Kepler-42 b","Kepler-42","Transit",2011,1.21376720000,0.0116000000,0.78000000,,,519.00,,,"M",3068.00,0.170000,0.130000,4.5000,40.05950000,3
"Kepler-425 b","Kepler-425","Transit",2014,3.79701816000,0.0464000000,10.96200000,79.45000000,0.270000,1070.00,,0.330000,"K1 V",5170.00,0.860000,0.930000,5.0000,646.64700000,1
"Kepler-433 b","Kepler-433","Transit",2015,5.33408384000,0.0679000000,16.25000000,896.24000000,1.130000,1776.00,,0.119000,,6360.00,2.260000,1.460000,2.6700,1878.31000000,1
"Kepler-434 b","Kepler-434","Transit",2015,12.87470990000,0.1143000000,12.67000000,908.96000000,2.400000,1000.00,,0.131000,,5977.00,1.380000,1.198000,4.0000,1222.54000000,1
"Kepler-44 b","Kepler-44","Transit",2011,3.24672930000,0.0446000000,12.22000000,317.82000000,0.930000,1544.00,,0.066000,"G2 IV",5800.00,1.350000,1.120000,5.8000,1188.00000000,1
"Kepler-454 b","Kepler-454","Transit",2015,10.57375340000,0.0952800000,2.37000000,5.40000000,2.230000,916.00,117.7000,0.320000,,5687.00,1.066000,1.030000,5.2500,230.86900000,3
"Kepler-46 b","Kepler-46","Transit",2012,33.60134000000,0.1968000000,9.05700000,1907.00000000,14.000000,543.00,,0.010000,,5155.00,0.938000,0.902000,9.7000,777.06000000,3
"Kepler-763 d","Kepler-763","Transit",2023,6.50327035000,0.0634000000,1.67000000,,,804.00,98.8100,0.000000,,4999.00,0.843000,0.800000,,962.45900000,3
"MASCARA-1 b","MASCARA-1","Transit",2017,2.14877381000,0.0403520000,17.90074218,,,2594.30,,0.000340,,7490.00,2.082000,1.900000,0.8000,182.27300000,1
"NGTS-6 b","NGTS-6","Transit",2019,0.88205900000,0.0167700000,14.86313400,425.57437000,0.711000,1283.90,,0.000000,,4730.00,0.754000,0.767000,9.7700,308.26200000,1
"TOI-1062 b","TOI-1062","Transit",2021,4.11296000000,0.0520000000,2.26500000,10.15000000,4.850000,1077.00,232.0000,0.177000,"G9 V",5328.00,0.840000,0.940000,2.5000,82.17330000,2
"TOI-1062 c","TOI-1062","Radial Velocity",2021,7.97200000000,0.0800000000,,9.78000000,,859.00,95.0000,0.140000,"G9 V",5328.00,0.840000,0.940000,2.5000,82.17330000,2
"TOI-1064 b","TOI-1064","Transit",2022,6.44386800000,0.0615200000,2.58700000,13.50000000,4.300620,784.00,62.9000,0.047000,,4734.00,0.726000,0.748000,9.4000,68.07260000,2
"TOI-1107 b","TOI-1107","Transit",2022,4.07823870000,0.0561000000,14.57167491,1064.72516345,1.890000,1728.00,532.0000,0.025000,"F6 V",6311.00,1.810000,1.350000,2.6000,281.31400000,1
"TOI-1117 b","TOI-1117","Transit",2025,2.22816000000,0.0330000000,2.46000000,8.90000000,3.300000,1538.00,928.0000,0.000000,"G5 V",5635.00,1.050000,0.970000,4.4200,167.59800000,3
"TOI-1221 b","TOI-1221","Transit",2023,91.68278000000,0.3870000000,2.91000000,1112.39942450,,440.00,6.0600,0.210000,,5592.00,1.031000,0.930000,10.0000,138.41100000,1
"TOI-1230.01","TOI-1230","Transit",2021,25.05734661842,,2.38627705,,,1046.51,199.1147,,,5696.00,1.152810,,,143.13800000,1
"TOI-1246 e","TOI-1246","Transit",2022,37.92548000000,0.2120000000,3.51418750,14.50000000,1.830000,463.98,,0.000000,,5213.00,0.864900,0.888900,6.3000,169.42200000,4
"TOI-139 b","TOI-139","Transit",2023,11.07085000000,,2.45660000,,,561.17,,,,4570.00,0.700700,0.690000,,42.40610000,1
"TOI-1452 b","TOI-1452","Transit",2022,11.06201000000,0.0610000000,1.67200000,4.82000000,5.600000,326.00,1.8000,0.000000,"M4 +/- 0.5 V",3185.00,0.275000,0.249000,,30.52120000,1
"TOI-1728 b","TOI-1728","Transit",2020,3.49151000000,0.0391000000,5.05000000,26.78000000,1.140000,767.00,57.7800,0.057000,"M0",3980.00,0.624300,0.646000,7.1000,60.79800000,1
"TOI-1749 b","TOI-1749","Transit",2021,2.38839000000,0.0291000000,1.39000000,57.00000000,,831.00,,0.140000,"M0 V",3985.00,0.550000,0.580000,0.8000,99.55610000,3
"TOI-1789 b","TOI-1789","Transit",2021,3.20866400000,0.0488200000,16.14093221,222.47988490,0.280000,1927.00,2300.0000,,"F",5991.00,2.168000,1.507000,2.7300,229.06700000,1
"TOI-1836 b","TOI-1836","Transit",2024,20.38079900000,0.1597000000,8.00321222,38.45723725,0.410000,966.00,,0.000000,,6380.00,1.577000,1.307000,6.6000,191.64900000,2
"TOI-1898 b","TOI-1898","Transit",2024,45.52234000000,0.2690000000,9.39553231,129.00000000,0.850000,674.54,,0.485000,,6241.00,1.613100,1.248400,3.1000,79.66820000,1
"TOI-2015 c","TOI-2015","Transit Timing Variations",2025,5.58279600000,0.0412320000,,8.91000000,,448.00,6.6800,0.000330,"M4 +/- 0.5",3297.00,0.327300,0.304100,5.5000,47.34440000,2
"TOI-2096 b","TOI-2096","Transit",2023,3.11906330000,0.0250000000,1.24300000,,,445.00,9.4000,0.150000,"M4",3300.00,0.235000,0.231000,4.0000,48.48090000,2
"TOI-2109 b","TOI-2109","Transit",2021,0.67247414000,0.0179100000,15.09849700,1595.49860314,,3646.00,,,"F",6540.00,1.698000,1.453000,1.7700,262.04100000,1
"TOI-237 c","TOI-237","Transit",2026,1.74486147000,0.0160000000,1.20600000,,,515.00,16.0000,,,3226.00,0.205600,0.169800,,38.07490000,2
"TOI-2411 b","TOI-2411","Transit",2022,0.78269420000,0.0144000000,1.68000000,,,1355.00,,,,4099.00,0.680000,0.650000,,59.53620000,1
"TOI-2443 b","TOI-2443","Transit",2023,15.66858000000,0.1050000000,2.36300000,4.80000000,2.000000,519.00,,0.301000,"K5 V",4375.00,0.631000,0.642000,7.5000,23.92580000,1
"TOI-2498 b","TOI-2498","Transit",2023,3.73825200000,0.0491000000,6.06000000,34.62000000,0.860000,1443.00,,0.089000,,5905.00,1.260000,1.120000,3.6000,275.26500000,1
"TOI-269 b","TOI-269","Transit",2021,3.69771040000,0.0345000000,2.77000000,8.80000000,2.280000,531.00,19.0000,0.425000,"M2 V",3514.00,0.398000,0.391700,,57.02250000,1
"TOI-3464 b","TOI-3464","Transit",2025,3.65155680000,0.0515000000,13.76462830,397.28550875,0.830000,1693.00,1370.0000,0.250000,,6370.00,1.560000,1.363000,2.1000,597.77400000,1
"TOI-3486 b","TOI-3486","Transit",2025,2.21778105000,0.0313800000,10.57006880,99.16246298,0.460000,1190.00,334.0000,0.078000,,4930.00,0.788000,0.837000,5.8000,154.71500000,1
"TOI-3593 b","TOI-3593","Transit",2025,3.82128670000,0.0481000000,11.02963701,565.73456446,2.310000,1170.00,308.0000,0.105000,,5550.00,0.918000,1.015000,1.8000,226.63000000,1
"TOI-3894 b","TOI-3894","Transit",2024,4.33454000000,0.0535400000,15.27784069,260.61929374,0.400000,1531.00,,0.050000,,6000.00,1.502000,1.138000,5.7000,417.36500000,1
"TOI-4137 b","TOI-4137","Transit",2022,3.80161220000,0.0522200000,13.57407563,457.67290608,1.010000,1570.00,1013.0000,0.000000,,6202.00,1.438000,1.313000,2.1000,334.99300000,1
"TOI-4914 b","TOI-4914","Transit",2024,10.60057000000,0.0980000000,12.87000000,227.00000000,0.590000,894.00,,0.408000,,5805.00,1.000000,1.030000,5.3000,299.89000000,1
"TOI-5027 b","TOI-5027","Transit",2025,10.24368000000,0.0930000000,10.76062147,642.01338214,2.940000,1056.00,,0.385000,,5909.00,0.920000,1.020000,0.4000,204.42900000,1
"TOI-5789 c","TOI-5789","Transit",2026,12.92774800000,0.1009000000,2.86000000,5.00000000,1.160000,718.00,,0.067000,"K1 V",5185.00,0.833000,0.821000,9.4000,20.45810000,4
"TOI-5800 b","TOI-5800","Transit",2025,2.62788380000,0.0344000000,2.46000000,9.50000000,3.460000,1108.00,,0.300000,"K3 V",4850.00,0.773000,0.778000,8.1000,42.90520000,1
"TOI-6034 b","TOI-6034","Transit",2024,2.57618400000,0.0294900000,11.92000000,254.00000000,0.820000,714.00,43.0000,0.040000,,3635.00,0.489000,0.514000,7.8000,117.99200000,1
"TOI-7149 b","TOI-7149","Transit",2025,2.65206166000,0.0260300000,13.20000000,224.00000000,0.530000,593.00,20.6000,0.078000,"M4 V",3363.00,0.351000,0.344000,7.8000,126.12600000,1
"TOI-7510 c","TOI-7510","Transit",2025,22.56874230000,0.1595000000,10.81000000,131.00000000,0.573000,702.00,,0.009100,"G3",5720.00,1.035000,1.063000,,249.00600000,3
"TOI-880.02","TOI-880","Transit",2024,2.57571000000,0.0349000000,2.19000000,,,1085.00,,,"K",5050.00,0.830000,0.870000,5.2000,60.66790000,2
"WASP-147 b","WASP-147","Transit",2018,4.60273000000,0.0549000000,12.49803500,87.40325000,0.263000,1404.00,,0.000000,"G4",5702.00,1.429000,1.044000,8.4700,436.09800000,1
"WASP-160 B b","WASP-160 B","Transit",2018,3.76849520000,0.0452000000,12.21781000,88.35674000,0.284000,1119.00,,0.000000,"K0 V",5298.00,0.868000,0.870000,9.7500,288.32600000,1
"WASP-195 b","WASP-195","Transit",2025,5.05192800000,0.0630000000,10.31226224,33.05415433,0.160000,1522.00,890.0000,0.000000,,6300.00,1.578000,1.300000,0.6000,484.85200000,1
"WASP-46 b","WASP-46","Transit",2011,1.43036763000,0.0233500000,13.15936600,607.05530000,1.467000,1636.00,,,"G6 V",5600.00,0.858000,0.828000,9.6000,375.31000000,1
"WASP-89 b","WASP-89","Transit",2015,3.35642270000,0.0427000000,11.65736000,1875.19700000,7.000000,1120.00,,0.193000,"K3",5130.00,0.880000,0.920000,1.3000,290.94600000,1
"WASP-93 b","WASP-93","Transit",2016,2.73253210000,0.0421100000,17.90077300,467.21010000,0.479000,1942.00,,0.000000,"F4",6700.00,1.524000,1.334000,0.7000,370.28400000,1
"WTS-2 b","WTS-2","Transit",2014,1.01870680000,0.0185500000,15.27786700,355.96960000,0.540000,2000.00,,0.000000,"K2 V",5000.00,0.752000,0.820000,0.6000,,1
"YZ Cet d","YZ Cet","Radial Velocity",2017,4.65626000000,0.0285100000,,1.09000000,,356.70,2.7000,0.070000,"M4.5 V",3151.00,0.157000,0.142000,3.8000,3.71207000,3
"bet Pic d","bet Pic","Imaging",2026,33200.00000000000,26.0000000000,14.12331568,762.78817680,,600.00,,0.440000,"A6 V",,,1.789000,0.0230,19.74420000,3
